{
  "scale": 0.2,
  "depth": 0.1,
  "precipitation": "rain",
  "temperature": 0.5,
  "downfall": 0.5,
  "category": "none",
  "surface_builder": "raytolfas_datapack:bigtrees",
  "spawn_costs": {},
  "player_spawn_friendly": true,
  "effects": {
    "foliage_color": 10387789,
    "grass_color": 9470285,
    "sky_color": 7972607,
    "fog_color": 12638463,
    "water_color": 4159204,
    "water_fog_color": 329011
  },
  "spawners": {
    "monster": [],
    "creature": [],
    "ambient": [],
    "water_creature": [],
    "water_ambient": [],
    "misc": []
  },
  "carvers": {
    "air": [
      "minecraft:cave",
      "minecraft:canyon"
    ]
  },
  "features": [
    [],
    [],
    [],
    [],
    [],
    [],
    [
      "minecraft:ore_dirt",
      "minecraft:ore_gravel",
      "minecraft:ore_granite",
      "minecraft:ore_diorite",
      "minecraft:ore_andesite",
      "minecraft:ore_coal",
      "minecraft:ore_iron",
      "minecraft:ore_gold",
      "minecraft:ore_redstone",
      "minecraft:ore_diamond",
      "minecraft:ore_lapis"
    ],
    [],
    [],
    [
      "minecraft:freeze_top_layer"
    ]
  ],
  "starts": [
    "mineshaft_mesa",
    "minecraft:mineshaft",
    "minecraft:village_plains"
  ]
}